{
  "env_id": "Pendulum-v1",
  "K": 1000,
  "seed": 2,
  "epochs_ran": 1,
  "final_loss": 0.12469548533141028,
  "mean_return": -1132.0759909341684
}