{
  "env_id": "Pendulum-v1",
  "K": 200,
  "seed": 5,
  "epochs_ran": 1,
  "final_loss": 0.30140675352377,
  "mean_return": -979.7570448988617
}