{"final/pi_2 (mid)/std_return":58.050408100859386,"_wandb":{"runtime":87},"_runtime":87,"_step":1,"final/pi_1 (expert)/mean_return":-476.7131521,"final/pi_1 (expert)/std_return":408.6705767266194,"_timestamp":1.776981068671508e+09,"final/pi_2 (mid)/mean_return":-630.7442764}