{
  "env_id": "Pendulum-v1",
  "K": 200,
  "seed": 2,
  "epochs_ran": 1,
  "final_loss": 0.17585803014037082,
  "mean_return": -1083.9946957484635
}