{"final/pi_1 (expert)/mean_return":-476.7131521,"time/fps":3468,"train/loss":65.30846,"eval/mean_ep_length":200,"train/explained_variance":0.97251254,"_timestamp":1.776983295501101e+09,"train/clip_range":0.2,"train/value_loss":546.5675,"rollout/ep_rew_mean":-387.57483,"eval/mean_reward":-161.9627,"train/approx_kl":0.0042868834,"train/entropy_loss":-0.5702945,"train/std":0.42733693,"global_step":301056,"_step":2022,"rollout/ep_len_mean":200,"_wandb":{"runtime":87},"final/pi_2 (mid)/std_return":58.050408100859386,"final/pi_1 (expert)/std_return":408.6705767266194,"train/clip_fraction":0.029003907,"_runtime":87,"final/pi_2 (mid)/mean_return":-630.7442764,"train/learning_rate":0.0003,"train/policy_gradient_loss":-0.0018952348}