{
  "env_id": "Pendulum-v1",
  "K": 1000,
  "seed": 1,
  "epochs_ran": 1,
  "final_loss": 0.11768972644580981,
  "mean_return": -1133.964780122798
}