{
  "env_id": "Pendulum-v1",
  "K": 200,
  "seed": 1,
  "epochs_ran": 1,
  "final_loss": 0.18038933976728003,
  "mean_return": -1108.1510252557662
}