{
  "env_id": "Pendulum-v1",
  "K": 200,
  "seed": 3,
  "epochs_ran": 1,
  "final_loss": 0.24584037798529607,
  "mean_return": -1056.9146328085264
}