{
  "env_id": "Pendulum-v1",
  "K": 200,
  "seed": 4,
  "epochs_ran": 1,
  "final_loss": 0.2153560022295642,
  "mean_return": -1120.0652896771605
}