{
  "env_id": "Pendulum-v1",
  "K": 1000,
  "seed": 3,
  "epochs_ran": 1,
  "final_loss": 0.10981404204275964,
  "mean_return": -1119.11221189217
}