{
  "env_id": "Pendulum-v1",
  "K": 1000,
  "seed": 4,
  "epochs_ran": 1,
  "final_loss": 0.09642614283357596,
  "mean_return": -1102.3934754653328
}