{"train/ent_coef":0.0015904937,"final/pi_1 (expert)/std_return":0.00023269284475462498,"rollout/ep_len_mean":999,"eval/mean_reward":-0.0002696,"_runtime":597,"train/actor_loss":0.18070847,"_timestamp":1.7776692345137742e+09,"train/ent_coef_loss":0.27068686,"train/learning_rate":0.0003,"train/critic_loss":1.7217747e-08,"final/pi_1 (expert)/mean_return":-0.00030979999999999994,"global_step":100000,"_wandb":{"runtime":597},"rollout/ep_rew_mean":-4.3935933,"_step":550,"eval/mean_ep_length":999,"time/fps":168}