{
  "env_id": "Pendulum-v1",
  "K": 50,
  "seed": 3,
  "epochs_ran": 1,
  "final_loss": 0.5132617226243019,
  "mean_return": -827.2703148664372
}