{
  "env_id": "Pendulum-v1",
  "K": 50,
  "seed": 2,
  "epochs_ran": 1,
  "final_loss": 0.3900327252969146,
  "mean_return": -842.9954571553078
}