{
  "CartPole-v1": {
    "baselines": {
      "expert": {
        "mean": 500.0,
        "std": 0.0
      },
      "mid": {
        "mean": 336.62,
        "std": 200.3039580237994
      }
    },
    "dpo": {
      "50": {
        "mean": 87.564,
        "std": 3.058925301474361,
        "raw_seeds": [
          87.76,
          85.68,
          93.34,
          86.38,
          84.66
        ]
      },
      "200": {
        "mean": 89.88,
        "std": 3.2174026791808306,
        "raw_seeds": [
          91.8,
          95.1,
          85.94,
          88.58,
          87.98
        ]
      },
      "1000": {
        "mean": 110.832,
        "std": 3.6496049101238346,
        "raw_seeds": [
          116.34,
          109.82,
          112.46,
          110.4,
          105.14
        ]
      }
    }
  }
}