{
  "Pendulum-v1": {
    "baselines": {
      "expert": {
        "mean": -275.35971398736643,
        "std": 294.5748125197395
      },
      "mid": {
        "mean": -668.0186139966412,
        "std": 126.03229381220603
      }
    },
    "dpo": {
      "50": {
        "mean": -869.3476179311358,
        "std": 30.86483215153793,
        "raw_seeds": [
          -899.7290200536492,
          -842.9954571553078,
          -827.2703148664372,
          -870.3245380410398,
          -906.4187595392448
        ]
      },
      "200": {
        "mean": -1069.7765376777556,
        "std": 49.945277195127474,
        "raw_seeds": [
          -1108.1510252557662,
          -1083.9946957484635,
          -1056.9146328085264,
          -1120.0652896771605,
          -979.7570448988617
        ]
      },
      "1000": {
        "mean": -1123.1525580247405,
        "std": 11.570976718443708,
        "raw_seeds": [
          -1133.964780122798,
          -1132.0759909341684,
          -1119.11221189217,
          -1102.3934754653328,
          -1128.2163317092338
        ]
      }
    }
  }
}