{
  "env_id": "Pendulum-v1",
  "K": 50,
  "seed": 4,
  "epochs_ran": 1,
  "final_loss": 0.4546704246103764,
  "mean_return": -870.3245380410398
}