{"global_step":50000,"train/actor_loss":-86.575615,"train/critic_loss":0.069210306,"rollout/ep_len_mean":93.16,"train/std":0.02897714,"rollout/ep_rew_mean":93.84794,"final/pi_1 (expert)/mean_return":93.35519910000001,"train/ent_coef":0.1,"time/fps":367,"_runtime":137,"_step":1205,"_wandb":{"runtime":137},"final/pi_2 (mid)/mean_return":41.622736,"final/pi_2 (mid)/std_return":47.59283190995079,"eval/mean_reward":94.20953,"train/learning_rate":0.0003,"final/pi_1 (expert)/std_return":2.1426140239237417,"eval/mean_ep_length":101.8,"_timestamp":1.7776698967694561e+09}